id,adresa,prum_cena
4441,"Kocínova 135, 397 01 Písek",132.44117647058823
5169,"Mlýnská 6, 370 01 České Budějovice",255.0
4437,"Heydukova 98, 397 01 Písek",nan
4013,"Náměstí Svornosti 8, 381 01 Český Krumlov",74.0
8130,"Ondříčka 52, 370 11 České Budějovice",nan
3076,"Náměstí Přátelství 2800, 390 05 Tábor",nan
2889,"Průběžná 6, 370 04 České Budějovice",76.714285714285708
3944,"Široká 89, 381 01 Český Krumlov",220.0
4766,"Fr. Ondříčka 46, 370 01 České Budějovice",75.666666666666671
3490,"Kněžská 31, 370 01 České Budějovice",nan
3074,"Žižkovo náměstí 17, 390 01 Tábor",159.0
3337,"MERCURY Centrum, 2np., 370 01 České Budějovice",66.851851851851848
3438,"Varšavská 2729, 390 05 Tábor",78.714285714285708
5860,"Libušina 312, 391 65 Bechyně",nan
5780,"Moraveč 1, 391 37 Chotoviny",69.15384615384616
5603,"Tylova 171, 379 01 Třeboň",85.0
3049,"Husovo náměstí 529, 390 02 Tábor",70.0
3666,"Kněžská 4, 370 01 České Budějovice",109.0
2900,"Ovocná 63, 390 01 Tábor",153.5
7950,"Žižkovo náměstí 22, 390 01 Tábor",86.714285714285708
3097,"Světlogorská 2873, Kpt. Nálepky 2396, 39005,39003 Tábor 5,Tábor 3",145.47368421052633
3176,"Hroznová 25, 370 01 České Budějovice",nan
9534,"Hotel a restaurace U Martina, 382 18 Rožmberk nad Vltavou 79",81.25
5424,"Jarošovská ulice 55/II, 377 01 Jindřichův Hradec",nan
2955,"Hradební 3037, 390 01 Tábor",65.0
3085,"Vančurova 2904, 390 02 Tábor",69.799999999999997
4020,"Šumavská 597, 381 01 Český Krumlov",165.0
10736,"Guldenerova 17, 326 00 Plzeň",nan
10368,"nám. T. G. Masaryka 545, 301 38 Plzeň",66.700000000000003
2063,"Přemyslova 54, 301 00 Plzeň",65.400000000000006
10190,"Radčická 2, 360 01 Plzeň",83.0
9888,"Sladovnická 4, 326 00 Plzeň",76.333333333333329
1619,"Lidická 13, 301 00 Plzeň",nan
1636,"Bezručova 9, 301 00 Plzeň",20.0
1674,"Purkyňova 29, 301 00 Plzeň",nan
3955,"Riegrova 12, 301 00 Plzeň",nan
1661,"Pražská 1, 301 00 Plzeň",56.333333333333336
3680,"Na Roudné 123/212, 301 00 Plzeň",71.379310344827587
2127,"Pražská 10, 301 00 Plzeň",77.25
5470,"Soběsuky 9, 335 01 Nepomuk",nan
10440,"Americká 20, 301 00 Plzeň",nan
1951,"Nám. Republiky 33, 301 00 Plzeň",nan
6886,"Truhlářská 10,  Plzeň",nan
4990,"Malá 3, 301 00 Plzeň - Centrum",nan
9242,"Americká 33, 301 00 Plzeň",nan
7660,"Dominikánská 3, 301 00 Plzeň",109.0
1428,"Křižíkovy sady 1, 301 00 Plzeň",nan
1422,"Kopeckého sady 12, 301 00 Plzeň",nan
7482,"Klatovská 33, 301 00 Plzeň",82.428571428571431
1421,"Smetanovy Sady 13, 301 00 Plzeň",214.55555555555554
1515,"Klatovská třída 60, 301 00 Plzeň",69.0
1547,"Americká 20, 301 00 Plzeň",75.0
2551,"Raisova 36, 301 00 Plzeň",121.5
5172,"Malická 456/8, 301 00 Plzeň-Severní Předměstí",199.0
5480,"Americká 38, 301 00 Plzeň",nan
5484,"Americká 16, 301 00 Plzeň",99.0
10224,"Husova 28, 326 00 Plzeň",69.333333333333329
10650,"Pražská 23,  Plzeň",176.19999999999999
10654,"Lochotínská 11, 301 00 Plzeň",111.75
3963,"Palackého 60, 353 01 Mariánské Lázně",131.66666666666666
3465,"Železniční 15, 360 05 Karlovy Vary",nan
4915,"Svobody 74/30, 350 02 Cheb",47.222222222222221
9978,"Moskevská 1457, 360 01 Karlovy Vary",nan
6723,"Lidická 12, 360 20 Karlovy Vary",89.0
8688,"Lidická 2, 360 01 Karlovy Vary",102.31428571428572
8496,"Anglická 116/23, 353 01 Marinánské Lázně",195.0
7984,"Krymská 1008/7a, 360 01 Karlovy Vary",101.72727272727273
4063,"Merklínská 25, 360 10 Karlovy Vary - Sedlec",nan
9852,"Klášter č. p. 1, 364 61 Teplá",99.0
3485,"Moskevská 20, 360 01 Karlovy Vary",nan
9896,"Březová 157, 360 01 Karlovy Vary",259.0
5371,"Revoluční 32, 430 01 Chomutov",95.833333333333329
3166,"Kollárova 1458, 415 01 Teplice",95.333333333333329
8942,"Školní 8, 415 01 Teplice",79.0
3742,"Antonína Dvořáka 1330, 434 01 Most",nan
4472,"Lidická 58/13, 412 01 Litoměřice",nan
8156,"Mostecká 2, 436 01 Litvínov",76.444444444444443
7682,"Laubeho náměstí 12/255, 415 01 Teplice",104.8
3172,"Slunná 812/1, 400 10 Ústí nad Labem",nan
2037,"Revoluční 9, 400 01 Ústí nad Labem",76.25
3428,"Špitálská 152, 411 72 Hoštka",49.571428571428569
4874,"Klíšská 100, 400 01 Ústí nad Labem",65.75
3737,"Fr.Halase 1635, 434 01 Most",106.8
6628,"Revoluční 45, 430 01 Chomutov",nan
6629,"Spořická 4751, 430 01 Chomutov",78.03125
3043,"Lázeňská ulička, Dům Zlatá harfa, 415 01 Teplice",86.666666666666671
3041,"Krajská 4, 412 01 Litoměřice",76.125
3029,"Mírové náměstí 13/21, 412 01 Litoměřice",151.08333333333334
6063,"náměstí 1. máje 96, 43001 Chomutov",87.400000000000006
6062,"Zámecké náměstí 136, 415 01 Teplice",97.0
5819,"Revoluční 48, 430 01 Chomutov",nan
2067,"Bílinská 3490/6, 400 01 Ústí nad Labem",117.33333333333333
4043,"Jaroslava Průchy 1915/24, 434 01 Most",63.625
2016,"Moskevská 5, 400 01 Ústí nad Labem",nan
6925,"Plynárenská 325/47,  Ústí nad Labem",93.75
9962,"Pivovarská 575, 440 01 Louny",nan
3002,"Dubská 2, 415 01 Teplice",nan
3424,"U Přívozu 18, 405 01 Děčín",nan
5376,"Tř. Budovatelů 1353, 434 01 Most",nan
10172,"Masarykova 36, 400 01 Ústí nad Labem",117.11538461538461
9854,"U Katovny 58, 412 01 Litoměřice",85.666666666666671
9650,"Rooseveltova 1, 415 01 Teplice",120.0
3553,"Sněžník 24, 407 01 Jílové u Děčína",111.2
4855,"Klostermannova 148, 430 01 Chomutov",nan
8234,"Tolstého 871/1, 412  01 Litoměřice",76.200000000000003
9264,"U zámeckého parku 682, 436 01 Litvínov",40.333333333333336
9164,"Ondříčkova 9, 400 11 Ústí nad Labem",75.0
3040,"Mírové náměstí 25, 41201 Litoměřice",89.810126582278485
4409,"Valdštejnská 282, 436 01 Litvínov",53.75
9018,"Osvoboditelů 1191, 410 02 Lovosice",73.125
2021,"Palachova 1639/5, 400 01 Ústí nad Labem",95.0
8746,"Pokratická 97/13, 412 01 Litoměřice",83.25
8274,"K Loučkám 1562, 436 01 Litvínov",nan
7762,"Želenická 1540, 405 02 Děčín",nan
3341,"Aloise Jiráska 3149, 415 01 Teplice",56.5
3285,"Rytířská 77/2, 405 02 Děčín",nan
3095,"Komenského 152, 411 55 Terezín",nan
4667,"Sokolská 27, 436 01 Litvínov",nan
3867,"Československé armády 1284, 434 01 Most",103.875
4665,"Tyrše a Fugnera 51, 436 01 Litvínov",54.166666666666664
2975,"U Císařských lázní 21, 415 01 Teplice",nan
8936,"Kostelní náměstí 2, 412 01 Litoměřice",nan
3198,"Labské nábřeží 669/2, 405 02 Děčín",137.19999999999999
4832,"Mírové náměstí 56, 440 01 Louny",99.0
3071,"Plešivecká 16, 412 01 Litoměřice",34.25
3601,"U Stadionu 1205, 434 01 Most",69.166666666666671
3639,"Javorová 1194, 434 01 Most",130.81818181818181
4339,"Žatecká 186, 440 01 Louny",165.625
4387,"Ruská 144, 436 01 Litvínov",nan
4653,"náměstí Prokopa Velkého 1951, 438 01 Žatec",57.666666666666664
4677,"Svatovaclavská 2126, 438 01 Žatec",92.07692307692308
5538,"Osvoboditelů 39/17, 410 02 Lovosice",139.21428571428572
2303,"Blažkova 654, 460 01 Liberec",113.2
1957,"Nerudovo náměstí 101/4, 460 01 Liberec",68.92307692307692
3083,"Anenské náměstí 8, 466 01 Jablonec nad Nisou",64.19047619047619
8222,"Nitranská 1, 460 01 Liberec",45.695652173913047
4024,"Hodkovická 206, 460 06 Liberec",51.333333333333336
3850,"Pražská 13, 460 01 Liberec",58.100000000000001
5027,"Generála Mrázka 698/8, 466 01 Jablonec nad Nisou",82.306451612903231
6000,"Liberecká 400, 463 34 Hrádek nad Nisou",58.0
5086,"Rynoltice 96, 463 53 Rynoltice",nan
2014,"Moskevská 11, 460 01 Liberec",nan
5361,"Tržní náměstí 1338, 460 01 Liberec",104.01219512195122
5362,"Šaldovo náměstí 1404, 460 01 Liberec",122.69565217391305
2077,"Sokolská 1365 staré město, 460 01 Liberec",nan
3890,"O.C. Delta,Fügnerova 667/7, 460 01 Liberec 4",nan
1997,"Moskevská 4, 460 01 Liberec",65.396825396825392
4364,"Husova 1094/87, 460 01 Liberec",45.416666666666664
4979,"Svatopluka Čecha 59, 466 02 Jablonec nad Nisou",79.200000000000003
5405,"Českých Bratří 114, 543 01 Vrchlabí",81.5
10462,"Brněnská 302, 500 09 Hradec Králové",129.0
9802,"Krakonošovo náměstí 118, 541 01 Trutnov",94.599999999999994
6696,"Náměstí 67, 543 71 Hostinné",79.519999999999996
4327,"Fr. Halase 1806, 500 09 Hradec Králové",54.666666666666664
6349,"Čelakovského 505, 500 01 Hradec Králové",nan
6273,"Palackého 81, 541 01 Trutnov",nan
5818,"Náměstí Svobody 273, 542 25 Janské Lázně",93.333333333333329
5590,"Tovární 2, 541 02 Trutnov",90.833333333333329
5639,"Mladé Buky 213, 543 23 Mladé Buky",95.0
5599,"K Pěti Bukům 678, 541 02 Trutnov",82.0
1994,"Komenského 266/3, 500 02 Hradec Králové",114.14285714285714
6303,"Rybova 1901/14, 500 09 Hradec Králové",245.0
9992,"Lípová 509, 541 01 Trutnov",68.315789473684205
10136,"Colinova 421, 500 03 Hradec Králové",98.698113207547166
10040,"Tyršovo náměstí 298, 565 01 Choceň",54.799999999999997
7540,"Kostelecká 1174, 547 01 Náchod",62.909090909090907
6741,"Velké náměstí 32, 500 03 Hradec Králové",77.666666666666671
5476,"Štefánikova ul., 500 11 Hradec Králové",nan
5588,"Horská 1, 541 01 Trutnov",89.799999999999997
8780,"Pražská 589, 500 04 Hradec Králové",nan
3410,"Komenského 1245, 500 01 Hradec Králové",nan
8196,"Eliščino nábřeží 842/3, 500 03 Hradec Králové",85.0
5643,"Lomní 143, 541 01 Trutnov",67.5
1871,"Opletalova 328, 500 03 Hradec Králové",58.833333333333336
10444,"Brněnská 1825, 500 09 Hradec Králové",nan
7980,"Valteřická 1437,  Vrchlabí",77.61363636363636
2914,"Habrmanova 336, 500 02 Hradec Králové",95.0
2536,"Bulharská 1784, 530 03 Pardubice",nan
9536,"Cihlářova 5/15, 571 01 Moravská Třebová",92.507936507936506
8010,"Smilova 386, 530 02 Pardubice",69.200000000000003
6015,"Štrossova 1338, 530 03 Pardubice",75.0
2383,"Bělehradská 326, 530 09 Pardubice",91.75
6303,"Rybova 1901/14, 500 09 Hradec Králové",245.0
6501,"U Stadionu 942, 568 02 Svitavy",124.0
6497,"Náměstí Míru 16, 568 02 Svitavy",nan
8788,"Pernštýnské náměstí 54, 530 09 Pardubice",86.833333333333329
4544,"Dašická 1712, 530 03 Pardubice",nan
6639,"Na Splavě 583, 560 02 Česká Třebová",93.5
6647,"Kozlovská 565, 560 02 Česká Třebová",69.0
6746,"Mařákova 280, 570 01 Litomyšl",64.166666666666671
10544,"Třída Míru 64, 530 02 Pardubice",28.03846153846154
6511,"Tovární 10, 568 02 Svitavy",nan
6769,"Moravská 1200, 570 01 Litomyšl",133.05555555555554
8732,"Masarykovo náměstí 2799, 531 71 Pardubice",nan
9538,"Smetanovo náměstí 59, 570 01 Litomyšl",26.199999999999999
10540,"Smilova 312, 530 02 Pardubice",nan
5012,"Kozí 8, 602 00 Brno",nan
5669,"nám. Svobody 9,  Brno",nan
1190,"Kounicova 43, 606 00 Brno",93.799999999999997
7464,"Květinářská 3, 602 00 Brno",65.293333333333337
1222,"Kounicova 20, 602 00 Brno",nan
6732,"Joštova 4, 602 00 Brno",124.33333333333333
5193,"Štefánikova 134/64, 612 00 Brno",17.333333333333332
4373,"Hybešova 224/13, 602 00 Brno",59.333333333333336
246,"Orlí 17, 602 00 Brno",89.0
5419,"Zelný trh 2, 602 00 Brno",nan
10406,"Kamenačky 20, 636 00 Brno",99.0
10254,"Šilingrovo náměstí 4/5, 602 00 Brno",212.66666666666666
9628,"Jihlavská 7a, 625 00 Brno",142.57142857142858
10076,"Palackého třída 60, 612 00 Brno",124.0
9994,"Kuldova 1, 615 00 Brno",129.0
9996,"Žarošická 24, 629 00 Brno",139.0
9998,"Benešova 22, 602 00 Brno",nan
9710,"Lipová 49,  Velké Bílovice",89.666666666666671
1798,"Belcrediho 25, 628 00 Brno",90.0
9648,"Dvořákova 13, 602 00 Brno",86.0
9568,"Křižkovského 47, 603 00 Brno",82.333333333333329
3256,"Kobližná 5, 602 00 Brno",nan
9470,"Makovského náměstí 1, 616 00 Brno",121.0
9274,"Svratecká 845, 664 42 Modřice",103.5
9254,"Švermova 9a, 625 00 Brno",79.0
247,"Beethovenova 7, 602 00 Brno",79.055555555555557
9044,"Veveří 461/14, 602 00 Brno",nan
8990,"Palachovo náměstí 726/2, 625 00 Brno",155.5
6420,"Obilní trh 10, 602 00 Brno",104.40000000000001
1113,"Husova 200/16, 602 00 Brno",120.0
273,"Hrnčířská 6, 602 00 Brno",42.470588235294116
8600,"Josefy Faimonové 11b, 628 00 Brno",99.0
8652,"Loosova 1, 638 00 Brno",79.0
4600,"Husova 13, 602 00 Brno",124.33333333333333
124,"Masova 8, (Lidicka, Kounicova, Žerotínovo náměstí, Koliste), 602 00 Brno",12.0
8386,"Grohova 2, 602 00 Brno",73.0
7962,"Jedovnická 7, 628 00 Brno",149.0
1081,"U Koupaliště 8, 679 61 Letovice",99.0
7806,"Škrobárenská 502/1, 617 00 Brno",98.0
4476,"Údolní 37, 602 00 Brno",68.15625
7544,"Masarykova 32, 602 00 Brno",99.0
4039,"Rokytova 4259/1, 615 00 Brno",nan
7308,"Křtiny 1, 679 05 Křtiny",87.82352941176471
3733,"Černopolní 10, 613 00 Brno",nan
7234,"Údolní 5, 602 00 Brno",49.399999999999999
3699,"U hřiště 737, 664 42 Modřice",79.75
7126,"Běhounská 16, 602 00 Brno",59.0
6996,"Merhautova 110, 613 00 Brno",90.0
147,"Mojmírovo náměstí 13, 612 00 Brno",84.0
3446,"Nálepkova 2, 637 00 Brno",nan
6857,"Štefánikova 16, 602 00 Brno",73.75
303,"Jugoslávská 18, 613 00 Brno",nan
6835,"Nad Pisárkami 1, 623 00 Brno",190.0
321,"Solniční 15/17, 602 00 Brno",nan
6762,"Netroufalky 7, 625 00 Brno",120.27777777777777
6717,"Běhounská 4, 602 00 Brno",20.555555555555557
6074,"Sukova 2, 602 00 Brno",104.625
340,"Solniční 8, 602 00 Brno",nan
6680,"Údolní 76, 602 00 Brno",nan
5076,"Neužilova 35, 625 00 Brno",nan
6598,"Purkyňova 80, 612 00 Brno",68.333333333333329
6532,"Slovákova 10, 602 00 Brno",nan
249,"Pekařská 80, 602 00 Brno",106.33333333333333
1225,"Palackého tř. 77, 612 00 Brno",135.0
317,"Palackého třída 148, 612 00 Brno",105.5
2725,"Provazníkova 40, 613 00 Brno",125.0
6421,"Hybešova 30/Vodní 20, 602 00 Brno",nan
6348,"Palackého náměstí 79/9, 621 00 Brno",109.0
6311,"Jihlavská 46, 664 41 Troubsko",110.28571428571429
6285,"Řeznická 1, 602 00 Brno",103.33333333333333
122,"Kounicova 53, 602 00 Brno",121.75
4740,"Pražská 2a, 669 02 Znojmo",69.0
6011,"Sokolská 18, 669 02 Znojmo",167.14285714285714
1897,"Fanderlíkova 19, 616 00 Brno",10.0
5865,",  ",nan
5791,"Starobrněnská 7, 602 00 Brno",139.0
2301,"Pálavské náměstí 2a, 628 00 Brno",74.454545454545453
252,"Jakubská 9, 602 00 Brno",82.25
4506,"Jakubské náměstí 1/109, 602 00 Brno",nan
4646,"Veveří 10, 602 00 Brno",95.0
3962,"Jezuitská 6, 602 00 Brno",995.0
4156,"Zemědělská 30, 613 00 Brno",nan
4205,",  ",86.0
5144,"Zemědělská 55, 613 00 Brno",86.375
70,"Bratislavská 12, 602 00 Brno",92.900000000000006
10552,"Palackého tř. 47, 612 00 Brno",132.0
6141,"Křížkovského 416/22, 603 00 Brno",nan
10386,"Příkop 4, 602 00 Brno",98.75
8558,"Veletržní 13, 603 00 Brno",127.5
10012,"Komenského 71, 679 71 Lysice",nan
6896,"Lechovice 60, 671 63 Lechovice",85.0
7770,"Biskupská 6, 602 00 Brno",92.80952380952381
10044,"Dřevařská 24, 602 00 Brno",81.666666666666671
10000,"Úvoz 39, 602 00 Brno",75.0
9930,"Dlouhá 1, 625 00 Brno",175.66666666666666
9730,"Mariánské údolí 3, 628 00 Brno",nan
9772,"Klobásova 34, 625 00 Brno",nan
6463,"Třída kpt. Jaroše 20, 602 00 Brno",nan
6907,"Rybnická 75, 634 00 Brno",nan
9742,"Branišovice 167, 671 77 Branišovice",80.0
9734,"Dvořákova 6/8, 602 00 Brno",133.33333333333334
6827,"Fillova 14, 638 00 Brno",99.0
8938,"Sokolova 60, 619 00 Brno",nan
9596,"Běhounská 7, 602 00 Brno",nan
5579,"Vodařská 2, 619 00 Brno",111.0
9560,"Merhautova 93, 613 00 Brno",78.0
9398,"Náměstí Svobody 21, 602 00 Brno",nan
4480,"Vážného 21, Řečkovice, 621 00 Brno",118.64705882352941
9302,"Těšany 964/13, 664 54 Těšany",158.0
8968,"Masarykova 441, 691 46 Ladná",97.25
6369,"Jírova 2, 628 00 Brno",159.0
3822,"Malinovského nám. 2, 602 00 Brno",nan
4923,"Bašty 2, 602 00 Brno",nan
9074,"Za divadlem 586/2, 602 00 Brno",93.0
4857,"Tomáškova 2, 615 00 Brno",nan
207,"Srbská 4, 612 00 Brno",nan
6055,"Benešova 18 - 20, 657 83 Brno",nan
6257,"Vídeňská 127, 619 00 Brno",87.222222222222229
929,"Údolní 33, 602 00 Brno",194.5
8762,"Trnitá 9, 602 00 Brno",99.0
5584,"Štefánikova 25, 612 00 Brno",89.0
4521,"Orlí 22, 602 00 Brno",nan
285,"Milady Horákové 1a, 602 00 Brno",83.333333333333329
336,"Tř. Kapt. Jaroše 7, 602 00 Brno",78.200000000000003
3967,"Kopečná 46, 602 00 Brno",66.840000000000003
8530,"Rooseveltova 14, 602 00 Brno",87.0
8212,"Purkyňova 35d, 612 00 Brno",59.842105263157897
5793,"Česká 142/29, 602 00 Brno",27.5
4088,"Purkyňova 35g, 612 00 Brno",129.0
8020,"Údolní 4, 602 00 Brno",nan
8004,"Štefánikova 26, 602 00 Brno",77.272727272727266
709,"Údolní 15, 602 00 Brno",43.111111111111114
7760,"Příkop 4, 9.patro, 602 00 Brno",nan
2554,"Tilhonova 2, 627 00 Brno",90.299999999999997
5729,"Vídeňská 55, 639 00 Brno",81.0
7514,"Josefská 25, 602 00 Brno",130.45454545454547
5033,"Veveří 6, 602 00 Brno",92.333333333333329
7548,"Böhmova 13, 621 00 Brno",99.0
3969,"Veveří 34, 602 00 Brno",95.0
7470,"Příkop 6, 602 00 Brno",81.083333333333329
7452,"Hrnčiřská 23, 602 00 Brno",70.857142857142861
7364,"Břeclavská 21, 619 00 Brno",nan
4986,"Tyršova 480, 664 34 Kuřim",79.0
7156,"Ve Vaňkovce 1, 602 00 Brno",30.0
7220,"Pekařská 80, 602 00 Brno",115.0
257,"Havlíčkovo náměstí 3, 679 06 Jedovnice",71.666666666666671
6948,"Pekařská 42, 602 00 Brno",74.6875
6950,"Pod Hájkem 91, 664 91 Ivančice",174.28571428571428
3958,"Hlavní 2, 664 91 Neslovice",nan
6934,"Slovákova 2, 602 00 Brno",81.0
6935,"Veveří 129, 616 00 Brno",nan
6480,"Ve Vaňkovce 1, 602 00 Brno",nan
6482,"U Dálnice 777, 664 42 Brno-Modřice",nan
6483,"U Dálnice 750, 664 42 Brno-Modřice",nan
5652,"Zelný trh 4, 602 00 Brno",nan
6387,"Hrázní 166/6, 635 00 Brno",88.0
500,"Bohunická 292/2, 619 00 Brno",276.33333333333331
221,"Lidická 18, 602 00 Brno",nan
6977,"Školní 12, 664 41 Troubsko",93.799999999999997
5760,"tř. Kpt. Jaroše 28, 602 00 Brno",74.0
9932,"Údolní 34, 602 00 Brno",74.0
8450,"Kaštanová 70b, 620 00 Brno",95.0
9132,"Kobližná 2, 602 00 Brno",139.0
5536,"Kotlářská 51a, 602 00 Brno",77.75
9366,"Zemědělská 28, 613 00 Brno",89.0
9468,"Havelkova 20, 625 00 Brno",112.0
1859,"Ukrajinská 1, 625 00 Brno",82.0
9228,"Purkyňova 97a, 612 00 Brno",55.25
9156,"Lidická 17, 602 00 Brno",76.0
9016,"Martínkova 7, 602 00 Brno",113.21052631578948
1274,"Veveří 4, 602 00 Brno",nan
137,"Gorkého 54, 602 00 Brno",nan
3956,"Kounická 26, 664 91 Ivančice",nan
3957,"Vémyslice 73, 671 42 Vémyslice",nan
4821,"Ostopovice 68, 664 49 Ostopovice",33.0
5292,"Nám. T.G.M. 9, 669 02 Znojmo",200.0
5445,"Pražská 100, 669 02 Znojmo",nan
6076,"Náměstí svobody 86/17, 602 00 Brno",72.714285714285708
7138,"Petrská 2, 602 00 Brno",nan
7184,"Dobrovského 29, 612 00 Brno",nan
9414,"Bělohorská 61, 636 00 Brno",nan
10166,"Jezuitská 7, 602 00 Brno",140.25
10194,",  ",nan
10196,"Křížkovského 20, 603 00 Brno",nan
8148,"Uhelná 21, 779 00 Olomouc",nan
3979,"Krakovská 14, 779 00 Olomouc",154.94594594594594
4164,"Hulínská 38, 768 23 Břest",74.909090909090907
10374,"Skálovo Nám. 2a, 796 01 Prostějov",nan
1885,"Novosady 18, 751 31 Týn nad Bečvou",96.0
9422,"Polská 1, 779 00 Olomouc",49.636363636363633
8118,"Libušina 49,  Olomouc",nan
8012,"1.máje 10, 772 00 Olomouc",75.75
1555,"Čechova 929/26, 750 00 Přerov",49.600000000000001
2629,"Jeremenkova 103/23, 779 00 Olomouc",88.444444444444443
6718,"Šárka 23, 796 02 Prostějov",82.0
6933,"Koliby 2, 750 02 Přerov",137.78333333333333
1490,"Prostějovská 220, 705 02 Přerov",nan
1533,"Komenského 1406/34, 750 02 Přerov",nan
1541,"Sušilova 1569/38, 750 02 Přerov",75.0
1544,"Dluhonská 77, 750 02 Přerov",nan
7618,"Černotín 159, 753 68 Černotín",104.0
7832,"1.máje 1783, 753 01 Hranice",108.75
7858,"Tř. 1 máje 2063, 753 01 Hranice",57.200000000000003
7894,"Pernštejnské nám. 109, 753 01 Hranice",nan
7918,"Sklenný kopec 1973, 753 01 Hranice",70.666666666666671
8478,"Kateřinská 108/3, 779 00 Olomouc",88.75
8522,"Masarykova třída 3, 779 00 Olomouc",148.14285714285714
8694,"Ztracená 3, 779 00 Olomouc",21.5
8696,"Horní náměstí - radnice, 771 00 Olomouc",nan
8708,"Kafkova 526/21, 783 01 Olomouc, Slavonín",45.5
8802,"Komenského 27, 779 00 Olomouc",nan
8912,"Na Kamenici 55, 783 55 Olomouc - Velký Újezd",88.799999999999997
8932,"Kainarova 13a, 750 02 Přerov",30.0
25,"Beskydská 1146, 739 61 Třinec",114.0
2830,"Dukelská 174, 742 42 Šenov u Nového Jičína",75.0
10522,"Náměstí TGM 403, 739 61 Třinec",109.33333333333333
4416,"Sv.Čecha 47, 741 01 Nový Jičín",73.0
9916,"Nádražní 820, 742 66 Štramberk",75.0
1518,"Slezská 1079, 738 01 Frýdek-místek",nan
9942,"Hlavní třída 9, 737 01 Český Těšín",nan
1749,"Tyršova 6, 701 38 Ostrava",94.0
4869,"Řeka - 47, 739 55 Řeka",103.33333333333333
9830,"nám. Svobody 527, 739 61 Třinec",75.0
6887,"Štefánikova 19, 742 21 Kopřivnice",52.833333333333336
5151,"Fügnerova 877, 735 81 Bohumín",89.0
6623,"Kolejní 3254/2, 702 00 Ostrava",nan
9662,"Slavníkovců 6, 709 00 Ostrava - Mariánské Hory",30.083333333333332
4669,"28. října 149,  Ostrava",75.0
1262,"Frýdecká 21, 736 01 Havířov",82.799999999999997
4756,"Bystřice nad Olší 1020, 739 95 Bystřice nad Olší",80.0
1366,"Malostránská 583, 742 42 Šenov u Nového Jičína",145.0
8710,"Sedliště 373, 739 36 Sedliště",112.57142857142857
8596,"Jiřího Trnky 82, 738 01 Frýdek-Místek",nan
4034,"Hrušovská 15, 701 00 Ostrava",89.0
4036,"Smetanovo náměstí 3260, 702 00 Ostrava",79.0
7354,"Koperníkova 1160, 739 61 Třinec",80.0
3776,"Štramberská 195/21, 742 21 Kopřivnice",nan
2154,"Msgr.Šrámka 19, 741 01 Nový Jičín",74.333333333333329
6945,"Masarykovo náměstí 541/1, 742 21 Kopřivnice",144.28985507246378
3408,"Veřovice 586, 742 73 Veřovice",nan
1656,"ul.Polská 117/8, 734 01 Karviná",nan
6735,"Husova 500/34, 742 21 Kopřivnice",nan
6597,"Heyrovského 1579/1, 708 00 Ostrava Poruba",127.66666666666667
6504,"U Fortny 49/10, 746 01 Opava",55.3125
6546,"Mjr.Nováka 1392/1a, 700 30 Ostrava",55.666666666666664
2843,"Tyršova 824, 739 61 Třinec",195.0
5836,"Sokolovská 1234 /50, 708 00 Ostrava Poruba",70.0
6272,"Sokolská třída 2536/57, 702 00 Ostrava",79.0
3140,"Kunín 1, 742 53 Kunín",73.5
4550,"Ahepjukova 12,  Ostrava",nan
26,"Lyžbice č.17, 739 61 Třinec",61.285714285714285
5829,"Dukelská 107, 742 42 Šenov u Nového Jičína",96.294117647058826
1697,"Bruzovská 1816, 738 01 Frýdek - Místek",nan
364,"Sokolská třída 1944/51, 702 00 Ostrava",99.0
4245,"Ostravská 140, 739 25 Sviadnov",160.07692307692307
5792,"Lhotka 180, 739 47 Lhotka",89.0
2500,"Polní 825, 739 61 Třinec",80.25
29,"Vendryně 880, 739 94 Vendryně",96.340425531914889
1925,"Janáčkovy sady 4, 741 01 Nový Jičín",83.5
3464,"Selská 43, 736 01 Havířov",90.200000000000003
1773,"Jarní 333, 742 21 Kopřivnice",74.25
4714,"č.p. 1217, 739 94 Vendryně",185.0
1051,"Na Poříčí 1183, 738 01 Frýdek Místek",89.0
10674,"Koperníkova 1273, 739 61 Třinec",79.0
6012,"Keltičkova 1297/60, 710 00 Ostrava",nan
4679,"Jablunkovská 382,  Třinec",nan
10086,"FORUM NOVÁ KAROLINA Jantarová 3344/4, 702 00 Ostrava 2",173.28571428571428
10056,"Dlouha třída 860/1a, 736 01 Havířov",56.555555555555557
5129,"Dvořákova 1947/41, 741 01 Nový Jičín",63.470588235294116
4888,"28. října 213, 709 00 Ostrava",56.5
6168,"Pustkovecká 70, 708 00 Ostrava",92.0
6583,"Tyršova 145/26, 702 00 Ostrava",106.83333333333333
5077,"Plzeňská 221/333, 724 00 Ostrava-Stará Bělá",nan
6405,"Nádražní 39, 739 21 Paskov",nan
9344,"17.listopadu 1566, 738 01 Frýdek Místek",83.5
9346,"Olbrachtova 3540, 738 01 Frýdek-Místek",86.0
6250,"Mongolská 1529/6, 708 00 Ostrava",86.75
1015,"T.G.Masaryka 1109, 738 01 Frýdek-Místek",91.25
9324,"Farní náměstí 2184, 738 01 Frýdek-Místek",146.0
9268,"Havličkovo nábřeží 901/24, 702 00 Ostrava",96.599999999999994
9100,"K. Schwarze 1375/13, 741 01 Nový Jičín",75.0
1513,"Nádražní 695/7, 733 01 Karviná",80.0
3012,"Na Poříčí 494, 738 01 Frýdek-Místek",85.0
1073,"Lískovecká 3484,  Frýdek-Místek",78.571428571428569
4428,"Pod Zvonek 986/27,  Český Těšín",81.13095238095238
8604,"Horní náměstí 57, 746 01 Opava 1",92.125
4388,"Janáčkova 1341/3, 702 00 Ostrava Moravská Ostrava",nan
8628,"Černá cesta 1887, 738 01 Frýdek-Místek",80.111111111111114
8658,"Jablunkovská 852\44, 737 01 Český Těšín",69.0
4280,"Vendryně 966, 739 94 Vendryně",85.0
4325,"Horní 67,  Ostrava",140.0
8404,"Dlouhá třída 67a, 736 01 Havířov",229.0
8216,"Nádražní 305/5, 702 00 Ostrava",156.33333333333334
335,"Hlavní třída 140/3, 737 01 Český Těšín",75.0
8032,"Frýdlantská 770, 738 01 Frýdek Místek",127.0
24,"Dukelská (OD Prior), 739 61 Třinec",106.14285714285714
2283,"Nádražní 18, 737 01 Český Těšín",62.692307692307693
7446,"Kašparova 503, 733 00 Karviná",nan
4035,"Na hradbách 16, 702 00 Ostrava",nan
2087,"Studentská 2384, 734 01 Karviná",100.0
1905,"Nádražní 167, 742 66 Štramberk",nan
3775,"Smetanova 87, 739 11 Frýdlant nad Ostravicí",100.0
7324,"Kostelní 3, 702 00 Ostrava",55.375
1887,"Husova 1310, 742 21 Kopřivnice",146.75
4586,"Muglinovská 66,  Ostrava",nan
9652,"Resslova 16, 741 01 Nový Jičín",nan
9480,"T. G. Masaryka 1147, 738 01 Frýdek Místek",127.755
9396,"Nádražní 1009/133, 702 00 Ostrava",120.125
1721,"Trojanovice 211, 744 01 Frenštát pod Radhoštěm",46.75
8472,"Náměstí Míru 20, 744 01 Frenštát pod Radhoštěm",94.0
9058,"ul. Frýdecká 270, 739 61 Třinec",nan
6039,"Tř. Osvobození 1766/8, 735 06 Karviná",99.0
3935,"Bohumínská 37/158, 712 00 Ostrava Muglinov",79.0
6255,"5. května, 741 01 Nový Jičín",108.59482758620689
1473,"Karviská 381, 735 61 Chotěbuz",nan
1752,"17. listopadu 492, 735 14 Orlová",37.428571428571431
10372,"Palackého 455, 756 61 Rožnov pod Radhoštěm",nan
4864,"Dlouhá 111, 760 01 Zlín",nan
5477,"Okružní 5491, 760 05 Zlín",nan
2593,"Dlouhá 4217, 760 01 Zlín",35.0
3288,"Dolní náměstí 307, 755 01 Vsetín",76.0
6872,"Štětkova 1638/18, 140 00 Praha 4",118.0
6705,"Roztylská 19, 143 00 Praha 4",115.88888888888889
7904,"Senovážné náměstí 13, 110 00 Praha 1",235.0
4761,"Türkova 5, 149 00 Praha 4",119.8
2761,"Mánesova 62, 120 00 Praha 2",76.714285714285708
4734,"Jugoslávská 8, 120 00 Praha 2",123.7
6978,"Školská 38, 110 00 Praha 1",39.799999999999997
6113,"Malé náměstí 2, 110 00 Praha 1",168.42857142857142
7044,"Sokolovská 65/26, 180 00 Praha 8",86.0
9090,"Olbrachtova 9, 140 00 Praha 4",116.2
5710,"Pelhřimovská 1/1021, 140 00 Praha 4",nan
5720,"Pod Pekařkou 224/46, 140 00 Praha 4",nan
1974,"Vodičkova 17, 100 00 Praha 1",nan
2694,"Rybná 26, 110 00 Praha 1",132.47619047619048
3556,"Míšeňská 66/12, 118 00 Praha 1",nan
6306,"Balbínova 19, 120 00 Praha 2",91.0
1643,"U Klikovky 10, 150 00 Praha 5",113.25
6336,"Chemická 953, 148 00 Praha 4",nan
6672,"K Verneráku 70/1, 148 00 Praha 4",nan
7416,"Nad Královskou oborou 232/31, 170 00 Praha 7",nan
3656,"Dukelských hrdinů 43, 170 00 Praha 7",71.400000000000006
4652,"Sokolovská 67, 186 00 Praha 8",nan
9288,"Vodičkova 8, 110 00 Praha 1",130.5
10636,"Třinecká 673, 199 00 Praha 9",82.0
10572,"Na Florenci 29, 110 00 Praha 1",104.0
5152,"Starostrašnická 584/52, 100 00 Praha 10",nan
10556,"Hornokrčská 39, 140 00 Praha 4",243.83333333333334
10378,"Křižíkova 17, 186 00 Praha 8",85.714285714285708
10330,"Květnová 598/48, 182 00 Praha 8",77.375
4137,"Sokolovska 42, 186 00 Praha 8",180.0
10146,"Horoměřická 2337/8, 160 00 Praha 6",nan
10046,"Jugoslávská 18, 120 00 Praha 2",178.62962962962962
1819,"Chaberská 18, 182 00 Praha 8",nan
10026,"Havelská 27, 110 00 Praha 1",347.5
9990,"Ciglerova 1138/7, 198 00 Praha 9",nan
9984,"Kokořínská 28, 182 00 Praha 8",nan
9952,"Smetanovo nábřeží 14 - Karolíny Světlé 33, 110 00 Praha 1",55.0
7766,"Křižíkova 180/28, 186 00 Praha 8",38.916666666666664
9716,"Vídeňská 360, 252 42 Vestec u Prahy",55.0
9828,"Nuselská 76, 140 00 Praha 4",69.0
9726,"Milady Horákové 125, 160 00 Praha 6",96.17647058823529
1122,"Konecchlumského 9, 160 00 Praha 6",nan
9500,"Mariánské náměstí 98/1, 115 72 Praha 1",48.81818181818182
9600,"Klapkova 104, 182 00 Praha 8",nan
9494,"Náměstí Míru 13, 120 00 Praha 2",100.16666666666667
9440,"28. října 377/13, 110 00 Praha 1",143.33333333333334
9410,"Čsl.Armády 250, 250 91 Zeleneč",97.428571428571431
9372,"Tržiště 11, 110 00 Praha 1",40.470588235294116
7058,"Lochotínská 656, 109 00 Praha 15",25.0
5049,"Senovážné náměstí 994/2, 110 00 Praha 1",nan
9286,"Masná 17, 110 00 Praha 1",94.5
9198,"Dubečská 74/4, 100 00 Praha 10",nan
6491,"Zubatého 3, 150 00 Praha 5",nan
1221,"Václavské náměstí 7, 111 24 Praha 1",233.0
9080,"Na Vyhlídce 408/19, 190 00 Praha 9",54.111111111111114
9068,"Mlynářská 3, 110 02 Praha 1",nan
9072,"K Libuši 73, 140 00 Praha 4",nan
9064,"Ohradní 24b, 140 00 Praha 4",nan
4008,"Belgická 33, 120 00 Praha 2",nan
8260,"K Letišti 934, 161 00 Praha 6",nan
8918,"Strojnická 25, 170 00 Praha 7",97.368421052631575
4791,"Národní 17, 110 00 Praha 1",124.71428571428571
6097,"Pernerova 1, 180 00 Praha 8",nan
8808,"Zlatnická 11, 110 00 Praha 1",nan
3006,"Před nádražím 1/6, 140 00 Praha 4",370.0
4420,"Staroměstské náměstí 549/19, 110 00 Praha 1",69.0
8506,"Říčanská 7, 101 00 Praha 10",63.387096774193552
8614,"Nad Dalejským údolím 9, 155 00 Praha 5",72.333333333333329
8548,"Štefánikova 18/25, 150 00 Praha 5",nan
8554,"Křemencova 1738, 110 00 Praha1",89.86666666666666
4625,"Podbabská 1589/1, 160 00 Praha 6",149.0
6642,"Benediktská 3, 110 00 Praha 1",128.0
905,"Evropská 26, 160 00 Praha 6",140.5
8416,"Novotného lávka 200/3, 110 00 Praha 1",295.39999999999998
426,"Myslíkova 8, 120 00 Praha 2",88.0
8098,"Újezd 33, 118 00 Praha 1",81.25
3672,"Jindřišská 26, 110 00 Praha 1",nan
8176,"Nuselská 159/114, 140 00 Praha 4",172.33333333333334
8114,"Kafkova 16, 160 00 Praha 6",98.458333333333329
4025,"Na Bělidle 38, 150 00 Praha 5",68.84375
8058,"Londýnská 22, 120 00 Praha 2",118.58928571428571
8014,"Sídlištní 1/1167, 165 00 Praha 6",106.59999999999999
3466,"OC Nový Smíchov, Plzeňská 8, 155 00 Praha 5",79.0
3470,"Freyova 35, 190 00 Praha 9",nan
975,"Ostrovní 32, 110 00 Praha 1",106.66666666666667
4227,"K Padesátníku 10, 164 00 Praha 6",nan
7802,"Vodní 11, 150 00 Praha 5",15.0
4187,"Jagellonská 21, 130 00 Praha 3",88.470588235294116
624,"Národní 22, 110 00 Praha 1",73.615384615384613
2411,"Marie Cibulkové 379/14, 140 00 Praha 4 vyšehrad",nan
2630,"Milady Horákové 63, 170 00 Praha 7",96.25
3942,"V Jámě 8/1371, 110 00 Praha 1",58.285714285714285
4135,"Biskupcova 1653/27, 130 00 Praha 3",nan
2829,"K Vodě 3200/3, 106 00 Praha 10",55.722222222222221
3051,"Vltavanů 1542, 147 00 Praha 4",55.722222222222221
3526,"Sokolovská 195/972, 190 00 Praha 9",209.25
3560,"Štěpánská 24, 110 00 Praha 1",88.333333333333329
3507,"U hráze 125/27, 100 00 Praha 10",nan
4070,"Na Pískách 1815/29, 160 00 Praha 6",83.15384615384616
3573,"Spojovací 918, 252 62 Horoměřice",68.666666666666671
3579,"Politických vězňů 12, 110 00 Praha 1",174.88888888888889
2942,"U Zvonařky 1, 120 00 Praha 2",372.08333333333331
2885,"Elišky Přemyslovny 433, 156 00 Praha 5",61.666666666666664
2928,"Mozartova 1, 150 00 Praha 5",nan
7288,"Českomoravská 2420/15a, 190 93 Praha 9 – Libeň",nan
468,"Pštrossova 220/29, 110 00 Praha 1",134.13513513513513
7280,"Revoluční 1, 110 00 Praha 1",49.0
450,"Palackého 715/15, 110 00 Praha 1",129.58823529411765
3302,"Myslíkova 29, 110 00 Praha 1",79.0
3859,"Bozděchova 3, 150 00 Praha 5",81.200000000000003
1346,"Sokolovská 31, 180 00 Praha 8",100.0
3798,"V Celnici 10, 110 00 Praha 1",nan
2855,"Ovocný trh 8, 110 00 Praha 1",114.57142857142857
1826,"Bartolomějská 11, 110 00 Praha 1",139.0
2644,"Vodičkova 5, 120 00 Praha 2",181.47619047619048
3495,"Evropská 209/134, 161 00 Praha 6",nan
409,"Běhounkova 2579, 158 00 Praha 5 - Stodůlky",289.0
1788,"Křižíkova 10, 186 00 Praha 8",87.0
1867,"Veleslavínova 3, 110 00 Praha 1",74.400000000000006
2004,"Betlémské náměstí 169/5A, 110 00 Praha 1",112.54545454545455
3208,"Květinářská 755, 182 00 Praha 8",nan
3385,"Bořivojova 116, 130 00 Praha 3",67.400000000000006
3568,"Ke Mlýnu 1, 149 00 Praha 4",87.0
789,"Břetislavova 309, 110 00 Praha 1",115.33333333333333
3508,"Náměstí bratří Synků 1, 140 00 Praha 4",24.0
732,"Strossmayerovo náměstí 2, 170 00 Praha 7",119.0
3313,"Na Moráni 17, 120 00 Praha 2",325.0
6691,"Spálená 45, 110 00 Praha 1",87.027027027027032
1331,"Plaská 615\8, 150 00 Praha 5",170.0
6662,"Tachovské náměstí 6, 130 99 Praha 3",92.25
6634,"Pod Karlovem 12, 120 00 Praha 2",110.0
3297,"Tupolevova 676, Letňany, 199 00 Praha 9",133.63636363636363
2620,"Vinohradská 149, 130 00 Praha 3",87.799999999999997
2450,"Václavské náměstí 25, 110 00 Praha 1",nan
6353,"Uruguayská 19, 120 00 Praha 2",nan
4531,"Kodymova 2526/4, 158 00 Praha 13",38.333333333333336
1023,"Michelská 41, 141 00 Praha 4",74.400000000000006
6233,"Jankovcova 14b, 170 00 Praha 7",nan
6201,"Jánský vršek 8, 118 00 Praha 1",48.0
1465,"Na Stráži 1, 180 00 Praha 8",57.600000000000001
5462,"翠园大酒店 Rytířská 10, 110 00 Praha 1",99.0
2834,"Rumunská 32, 120 00 Praha 2",69.666666666666671
2954,"Dlouhá 21, 110 00 Praha 1",80.916666666666671
6135,"Nad Kamínkou, 156 00 Praha 5",nan
2540,"Liliová 15, 110 00 Praha 1",154.25
6056,"Školská 12, 120 00 Praha 2",98.0
5982,"Plaská 4, 150 00 Praha 5",252.22222222222223
2813,"Opatovická 24, 110 00 Praha 1",76.615384615384613
2702,"Vinohradská 226, 100 00 Praha 10",81.5
2778,"Tomanova 1/1028,  Praha 6",130.90909090909091
5808,"Ohradní 421/22, 140 00 Praha 4",40.357142857142854
2704,"Přístavní 2, 170 00 Praha 7",80.75
714,"Plavecká 3, 128 00 Praha 2",78.0
2034,"Škroupovo náměstí 5, 130 00 Praha 3",142.5
914,"Thákurova 1, 160 00 Praha 6",74.65306122448979
5911,"Korunní 75, 130 00 Praha 3",54.4375
1903,"Martinská 5/419, 110 00 Praha 1",69.359999999999999
5801,"Březinova 513/2, 180 00 Praha 8",119.66666666666667
5774,"Siemensova 4, 150 00 Praha 5",58.733333333333334
5757,"Smetanovo nábřeží 22, 110 00 Praha 1",149.0
5734,"Náměstí Republiky 8, 110 00 Praha 1",256.81818181818181
2538,"Karolíny Světlé 27, 110 00 Praha 1",41.428571428571431
5658,"Osvětová 991, 149 00 Praha 4",199.0
5597,"Na Příkopě 10, 110 00 Praha 1",90.20289855072464
5577,"Chlumecká 765/6, 198 19 Praha 9",83.145161290322577
2371,"U Obecního dvora 4, 110 00 Praha 1",160.18918918918919
5464,"Náměstí republiky 1078/1, 110 00 Praha 1",83.064516129032256
2365,"Thámova 221/7, 186 00 Praha 8",54.0
2980,"Žitná 8, 120 00 Praha 2",nan
4906,"Seydlerova 9, 158 00 Praha 13",103.83333333333333
1976,"Národní 40/36, 110 00 Praha 1",112.5
2331,"Novozámecká 284, 190 12 Praha 9",37.399999999999999
5459,"Václavské náměstí 9, 110 00 Praha 1",97.094594594594597
5415,"Václavské nám. 59, 110 00 Praha 1",83.064516129032256
5435,",  ",82.967741935483872
3820,"Jenečská 20, 163 00 Praha 6",107.13333333333334
5401,"Sokolovská 2080, 150 00 Praha 8",94.615384615384613
10456,"Těšnov 1162/9, 110 00 Praha 1",nan
10176,"Křižíkova 71, 186 00 Praha 8",123.97752808988764
10384,"Vosátkova 1, 142 00 Praha 4",74.916666666666671
9668,"Bubenečská 282/ 8, 160 00 Praha 6",90.0
4083,"Arkalycká 877, 149 00 Praha 4",59.3125
10262,"Chodovská 3/228, 141 00 Praha 4",62.166666666666664
10230,"Na Florenci 15, 110 00 Praha 1",180.0
7140,"Jirečkova 13, 170 00 Praha 7",77.299999999999997
7144,"Novákových 7, 180 00 Praha 8",98.166666666666671
10094,"Moskévská 30, 101 00 Praha 10",122.0
10052,"Křemencova 11, 110 00 Praha 1",199.0
10060,"Korunní 98, 101 00 Praha 10",49.166666666666664
10068,"Belgická 11, 120 00 Praha 2",95.0
7018,"Petrské náměstí 7, 110 00 Praha 1",44.833333333333336
9968,"Dvořákovo nábřeží, 110 00 Praha 1",145.0
4819,"Národních hrdinů 891, 193 00 Praha 9",nan
9822,"Mráčkova 3059/5, 143 00 Praha 4",79.799999999999997
9940,"V Jirchářích 2, 110 00 Praha 1",73.142857142857139
7986,"Plzeňská 215f, 150 00 Praha 5",143.18181818181819
5287,"Slavětínská 98, 190 14 Praha 9 - Klánovice",70.235294117647058
9894,"Ke Kladivům 10, 165 00 Praha 6",44.649999999999999
9820,"Melantrichova 15, 110 00 Praha 1",nan
6949,"Karlovo náměstí 6, 120 00 Praha 2",75.111111111111114
9780,"v Holešovičkách 1401/5, 182 00 Praha 8",90.75
6803,"nám. Arnošta z Pardubic 164, 250 82 Úvaly",nan
9800,"Řevnická 1, 155 21 Praha 5",79.729729729729726
6115,"Tomášská 14/21, 110 00 Praha 1",222.33333333333334
6177,"Betlémská 12, 110 00 Praha 1",55.333333333333336
9750,"Strakonická 2860/4, 150 00 Praha 5",81.333333333333329
6870,"Kyselova 1657/5, 182 00 Praha 8",66.700000000000003
9382,"Jílovišťská 9, 155 31 Praha 5",nan
9736,"Radlická 117, 158 00 Praha 5",86.142857142857139
9700,"Řevnická 1, 155 01 Praha 5",50.333333333333336
9352,"Loretánské náměstí 4/110, 118 00 Praha 1",85.714285714285708
8846,"Velehradská 4, 130 00 Praha 3",nan
9636,"V Aleji 517, 109 00 Praha 10",nan
9640,"Korunní 96, 101 00 Praha 10",158.0
6213,"Vodičkova 39, 110 00 Praha 1",77.0
6837,"Novodvorská 151, 142 00 Praha 4",77.25
9572,"Olšanské náměstí, 130 00 Praha 3",22.0
9608,"Balbínova 22, 120 00 Praha 2",98.857142857142861
9548,"Pod Harfou 938/40, 190 00 Praha 9",142.55555555555554
3745,"Šaldova 34, 186 00 Praha 8",111.41176470588235
2902,"Vacínova 10, 180  00 Praha 8",102.5
9460,"Nádražní 46/88, 150 00 Praha 5",nan
6703,"Radhošťská 2004/5, 130 00 Praha 3",110.2
9452,"Krakovská 20, 110 00 Praha 1",101.0
650,"Sokolovská 23, 180 00 Praha 8",145.11320754716982
9408,"Hybernská 26, 1100 Praha 1",112.58333333333333
9394,"Milady Horákové 47, 170 00 Praha 7",81.138888888888886
9146,"U Kanálky 14, 120 00 Praha 2",265.0
1144,"Libocká 64/10, 162 00 Praha 6",nan
4633,"Zbraslavské náměstí 453, 156 00 Praha 5",105.0
9250,"Pikovická 3, 147 00 Praha 4",90.416666666666671
9354,"Navrátilova 6, 110 00 Praha 1",161.42857142857142
5993,"Pujmanové 1218, 140 00 Praha 4",nan
9308,"Seifertova 67, 130 00 Praha 3",89.0
9310,"Rumunská 25, 120 00 Praha 2",89.0
9312,"Šmeralova 3/137, 170 00 Praha 7",94.285714285714292
9314,"Štefánikova 77/52, 150 00 Praha 5",88.533333333333331
4769,"Arbesovo náměstí 1, 150 00 Praha 5",68.5
9290,"Žitavského 495, 153 00 Praha 5",59.058823529411768
1075,"Urxova 5, 186 00 Praha 8",111.59183673469387
4134,"Plzeňská 229, 150 00 Praha 5",nan
6632,"Štěpánská 3, 120 00 Praha 2",90.333333333333329
2965,"Mladoboleslavská 224, 190 17 Praha 9 - Vinoř",89.149253731343279
9202,"Na Pankráci 49, 140 00 Praha 4",89.0
9170,"Postupická 2931/9, 141 00 Praha 4",nan
9162,"Vyšehradská 43, 120 00 Praha 2",99.86666666666666
788,"Lidická 42, 150 00 Praha 5",80.563636363636363
2669,"Na Pankráci 15, 140 21 Praha 4",161.48387096774192
8662,"Příčná 9, 110 00 Praha 1",nan
8586,"Lucemburská 38, 130 00 Praha 3",nan
8594,"Bořijova 10, 130 00 Praha 3",84.0
7912,"Milady Horákové 831/3, 170 00 Praha 7 - Holešovice",nan
1692,"Rokycanova 10, 130 00 Praha 3",66.090909090909093
2717,"Dlabačov 1, 110 00 Praha 1",nan
6134,"Turínská 1494/1, 109 00 Praha 10",65.666666666666671
8504,"Musílkova 35, 150 00 Praha 5",115.0
6112,"Zenklova 131/222, 182 00 Praha 8",59.095238095238095
8532,"Moskevská 80, 101 00 Praha 10",nan
5653,"Goetheho 25/105, 160 00 Praha 6",79.5
1256,"Radlická 298/105, 150 00 Praha 5",41.089285714285715
2690,"Klimentská 26, 110 00 Praha 1",57.799999999999997
8494,"Nad Lávkou 5/790, 160 00 Praha 6",111.09999999999999
947,"Sokolovská 198/207, 190 00 Praha 9",107.0
2574,"Na Proseku 40/1, 190 00 Praha 9",nan
4720,"Seminářská zahrada 393, 118 00 Praha 1",125.25
8410,"Jeremenkova 920/7, 147 00 Praha 4",nan
8414,"Malostranské nám. 25,  Praha 1",80.0
6046,"Na Příkopě 19, 1.patro NG Myslbek, 110 00 Praha 1",273.33333333333331
8252,"U Průhonu 54, 170 00 Praha 7",47.600000000000001
8254,"Dělnická 30, 170 00 Praha 7",46.399999999999999
8208,"Křižíkova 24, 186 00 Praha 8",nan
4309,"Kunratická spojka 1169/1, 148 00 Praha",nan
8184,"Vinohradská 2396/184, 130 00 Praha 3",nan
8162,"Ve Smečkách 13, 110 00 Praha 1",nan
1912,"Na Dědince 12, 180 00 Praha 8",64.333333333333329
8126,"Budějovická 1123, 140 00 Praha 4",nan
8080,"Suchý Vršek 2122/33, 155 00 Praha 5",35.0
7974,"Milady Horákové 35, 170 00 Praha 7",61.064516129032256
7574,"Jugoslávská 7/670, 120 00 Praha 2",69.36363636363636
7970,"V Celnici 4, 110 00 Praha 1",298.33333333333331
8054,"V Jámě 8/1371, 110 00 Praha 1",58.399999999999999
8066,"Sekaninova 58, 120 00 Praha 2",nan
8068,"Ovocný trh 6, 110 00 Praha 1",85.0
8018,"U Průhonu 46, 170 00 Praha 7",93.0
5454,"Panská 1308/9, 110 00 Praha 1",152.89473684210526
3914,"Seifertova 29, 130 00 Praha 3",nan
2403,"Sokolovská 258, 190 00 Praha 9",94.299999999999997
7876,"Maltézské náměstí 9, 118 00 Praha",100.0
7888,"Žitná 11, 110 00 Praha 1",57.428571428571431
4698,"Toužimská 51 (křižovatka Toužimská/Ašská), 190 00 Praha 9",155.59999999999999
7826,"náměstí Republiky 656/8, 110 00 Praha 1",79.777777777777771
7796,"Nad Šutkou 16/490, 182 00 Praha 8",nan
7812,"Wolkerova 12, 160 00 Praha 6",72.0
7764,"Týn 6, 110 00 Praha 1",109.0
2131,"Jihlavská 507, 140 00 Praha 4",117.52380952380952
7696,"Hálkova 6, 120 00 Praha 2",63.666666666666664
5716,"Na Pankráci 1600/82, 140 00 Praha 4",32.666666666666664
7678,"Vinohradská 1510/228, 100 00 Praha 10",95.0
7686,"Na Bělidle 42, 150 00 Praha 5",121.0
7688,"Hvězdova 2860/24, 140 00 Praha 4",132.57142857142858
5753,"Podolské nábřeží - Přístav 1, 147 00 Praha 4, Podolí",105.8
724,"Václavské náměstí 45, 110 00 Praha 1",nan
7604,"Ostrovní 34, 110 00 Praha 1",172.57142857142858
7612,"Štefánikova 7, 150 00 Praha 5",79.393939393939391
7658,"Oblouková 17, 101 00 Praha 10",67.642857142857139
2361,"V Celnici 3, 110 00 Praha 1",nan
7158,"Na Pankráci 86, 140 00 Praha 4",30.0
7160,"Náměsí Republiky 1, 110 00 Praha 1",30.0
861,"Vysočanská 382, 190 00 Praha 9",168.0
7556,"Vladislavova 18, 110 00 Praha 1",nan
7530,"Mánesova 52, 120 00 Praha 2",nan
1807,"S.K.Neumanna 35, 182 00 Praha 8",78.285714285714292
7490,"Sokolovská 150/1273, 180 00 Praha 8",49.333333333333336
2249,"Vrchlického 96, 150 00 Praha 5",71.0
2315,"Vodičkova 6, 110 00 Praha 1",45.0
5589,"Králodvorská 4, 110 00 Praha 1",121.66666666666667
7346,"Londýnska 315/71, 120 00 Praha 2",228.21428571428572
584,"Pštrossova 6, 110 00 Praha 1",nan
396,"Ve smečkách 27, 110 00 Praha 1",228.25301204819277
7070,"Moskevská 529, 101 00 Praha 10",46.714285714285715
8192,"Bruselská 8, 120 00 Praha 2",106.78571428571429
9704,"Branická 146/1881, 147 00 Praha 4",66.857142857142861
9570,"Vojtěšská 9, 110 00 Praha 1",105.0
5656,"Preslova 13, 150 00 Praha 5",116.1875
9462,"Náměstí republiky 1, 110 00 Praha 1",71.760000000000005
9516,"Starostrašnická 54, 100 00 Praha 10",81.150000000000006
9502,"Jabloňová 15, 106 00 Praha 10",nan
9428,"Koněvova 1194/85, 130 00 Praha",67.94736842105263
9140,"Karlovo náměstí 1/23, 120 00 Praha 2",nan
9330,"Karlovo náměstí 34, 120 00 Praha 2",87.588235294117652
6695,"Národní 11, 110 00 Praha 1",121.0
9154,"Francouzská 72, 101 00 Praha 10",82.384615384615387
9136,"Ohradní 1166/26, 140 00 Praha 4",99.0
809,"Štefánikova 44, 150 00 Praha 5",45.0
7374,"Jugoslávských partyzanů 32, 160 00 Praha 6",nan
4278,"Kudrnova 234/4a, 150 00 Praha 5",89.666666666666671
8524,"Národní 27, 110 00 Praha 1",nan
9070,"Vršovická 51, 100 00 Praha 10",75.0
9096,"U Milosrdných 848/4, 110 00 Praha 1",136.5
9010,"U Rajské zahrady 639/16, 130 00 Praha 3",128.63636363636363
6855,"Národní 37, 110 00 Praha",88.428571428571431
7578,"Dejvická 188/6, 160 00 Praha 6",nan
6281,"Bělohorská 105,  Praha 6",nan
482,"Slezská 32, 120 00 Praha 2",81.0
4924,"Mukařovského 1985, 155 00 Praha 5",133.0
5510,"Areál Výstaviště 67, 170 00 Praha 7",71.944444444444443
8790,"Klapkova 127/6, 182 00 Praha 8",115.44736842105263
9184,"Náměstí Míru 15, 120 00 Praha",88.571428571428569
9190,"Na Pankráci 129, 140 00 Praha 4",nan
9446,"Těšnov 1, 110 00 Praha 1",92.666666666666671
2218,"Nezamyslova 1362, 272 01 Kladno",110.42857142857143
4909,"Náměstí svobody 1460, 272 01 Kladno",105.86538461538461
4875,"Obchodní 136, 251 01 Čestlice",118.0
4238,"U nové vodárny 428, 290 01 Poděbrady",nan
6630,"Tulipánová 142, 252 43 Praha 4",105.0
4256,"Obora 32, Polabec, 290 01 Poděbrady",109.91666666666667
2246,"nám. Sítná 3127, 272 01 Kladno",nan
5002,"U Nové Vodárny 1457, 290 01 Poděbrady",95.555555555555557
7122,"Plzeňská 26/6, 266 01 Beroun",215.1904761904762
7584,"Pražská 16, 290 01 Poděbrady",nan
10528,"Plzeňská 117, 266 01 Beroun",87.785714285714292
5136,"Průchodní 378, 272 01 Kladno",99.0
9552,"Na Klášteře 75/2, 266 01 Beroun",153.5
4285,"Palackého třída 440, 288 02 Nymburk",nan
9262,"Náměstí Jiřího 1, 290 01 Poděbrady",76.152173913043484
9246,"Fügnerova 1244, 252 28 Černošice",nan
4384,"Barborská 29, 284 01 Kutná Hora",119.0
4186,"Kutnohorská 51, 280 02 Kolín",nan
4803,"Dr. Janského 603, 252 28 Černošice",104.40000000000001
3615,"Svatováclavská 22, 276 01 Mělník",124.66666666666667
4551,"Uhelná 596, 284 01 Kutná Hora",nan
4255,"Fügnerova 32, 290 01 Poděbrady",104.92
3668,"Náměstí Sítná 3113, 272 01 Kladno",125.24324324324324
7502,"Obránců míru 2721, 272 01 Kladno",41.333333333333336
7460,"Poděbradova 550, 272 01 Kladno",123.19354838709677
7404,"Komenského náměstí 8, 278 01 Kralupy nad Vltavou",43.850000000000001
7208,"Tyršova 135 (u nádraží ČD), 166 01 Beroun",72.200000000000003
3755,"Fibichova 3728, 276 01 Mělník",nan
3559,"Budějovická 20, 252 42 Jesenice",nan
6892,"Tyršovo náměstí 2222, 252 63 Roztoky",83.5
9912,"Obchodní 111, 251 01 Čestlice",83.0
6803,"nám. Arnošta z Pardubic 164, 250 82 Úvaly",nan
9790,"Kostelecká 11, 250 63 Mratín",101.8
2388,"Slapská 130, 266 01 Beroun",95.0
6807,"Ruská 470, 277 11 Neratovice",137.27272727272728
4642,"Masarykovo nám. 2, 256 01 Benešov",75.769230769230774
3292,"Dobřichovická ulice 452, 252 29 Lety u Dobřichovic",92.818181818181813
4195,"Legerova 30, 280 02 Kolín",nan
4350,"Slovenská 1040, 280 02 Kolín",68.0
2738,"Jičínská 1073, 293 01 Mladá Boleslav",87.57692307692308
2833,"Galetova 668, 293 01 Mladá Boleslav",20.0
6058,"Višňová 553, 289 24 Milovice",nan
4403,"Královská cesta 286, 280 02 Kolín",55.666666666666664
6220,"Počepice 115, 262 55 Petrovice",70.0
6138,"Palackého 555, 288 03 Nymburk",95.555555555555557
6344,"Jiráskovo nám. 12, 280 02 Kolín",18.333333333333332
8686,"Na Štěpánce 1184, 293 01 Mladá Boleslav",110.33333333333333
4941,"Osvobozených politických vězňů 3355, 272 01 Kladno",65.606060606060609
8704,"U TRŽNICE 2339, 272 01 Kladno",249.0
8578,"Karlovo Náměstí 7, 280 02 Kolín",77.5
2753,"Na Radouči 320, 293 01 Mladá Boleslav",168.78125
8590,"Rýznerova 19/5, 252 62 Únětice",nan
8224,"Na Veselou 909, 266 01 Beroun",nan
8556,"Husovo náměstí 175, 266 01 Beroun",nan
6136,"Karla Čapka 2086, 288 03 Nymburk",61.591836734693878
7992,"Nám. T.G. Masaryka 1464, 290 01 Poděbrady",nan
7150,"Pražská 2/5, 261 01 Příbram",80.0
3589,"Pražská 186, 276 01 Mělník",nan
7638,"Pražská 67, 266 01 Beroun",72.75
7488,"Brankovická 1417, 280 02 Kolín",nan
7237,"Tyršova 163, 256 01 Benešov",73.181818181818187
7606,"V Lipách 432, 251 66 Senohraby",131.40000000000001
5560,"Hotel Atlas Tyršova 2063, 256 01 Benešov",93.265625
5346,"Pražská 754, 274 01 Slaný",41.5
7978,"Mírové náměstí 40, 262 02 Dobříš",130.0
10652,"Kokořín 26, 277 23 Kokořín",64.75
2258,"Havířská 1012/23, 586 01 Jihlava",58.388235294117649
2257,"Matky Boží 1036/31, 586 01 Jihlava",nan
5231,"Havlíčkovo náměstí 178, 580 01 Havlíčkův Brod",76.84210526315789
5221,"Jihlavská 1985, 580 01 Havlíčkův Brod",nan
5222,",  ",151.98750000000001
7194,"Žižkova 15- Dělnický dům, 586 01 Jihlava",nan
10566,"Znojemská 1235, 674 01 Třebíč",nan
10070,"Hodějovice 12, 393 01 Pelhřimov",nan
6089,"Bohdaneč 167, 285 25 Bohdaneč",nan
5253,"Masarykova 3553, 580 01 Havlíčkův Brod",66.02985074626865
5266,"Sídliště Pražská 2902, 580 01 Havlíčkův Brod",96.108108108108112
5262,"Havlíčkovo náměstí 176, 580 01 Havlíčkův Brod",105.66666666666667
2188,"Kainarova 1B, 586 01 Jihlava",123.13333333333334
2193,"Sokolovská 108, 586 01 Jihlava",65.0
5228,"Havlíčkovo náměstí 51, 580 01 Havlíčkův Brod",27.307692307692307
5721,"Okrouhlička 1, 582 53 Štoky",50.864864864864863
9710,"Lipová 49,  Velké Bílovice",89.666666666666671
4396,"Nádražní 812, 696 03 Dubňany",159.0
10040,"Tyršovo náměstí 298, 565 01 Choceň",54.799999999999997
5100,"Nám. Míru 121, 344 01 Domažlice",nan
8360,",  ",87.879999999999995
5840,"Vlkovská 482, 595 01 Velká Bíteš",90.0
9852,"Klášter č. p. 1, 364 61 Teplá",99.0
10652,"Kokořín 26, 277 23 Kokořín",64.75
